,選手ID,スターティングフラグ,プレイタイム,得点,3P成功,3P試投,2P成功,2P試投,ダンク,フリースロー成功,フリースロー試投,ファウル,被ファウル,オフェンスリバウンド,ディフェンスリバウンド,トータルリバウンド,ターンオーバ,アシスト,スティール,ブロックショット,被ブロックショット,ファストブレイクポイント,ポイントフロムターンオーバー,2Pインサイドポイント,セカンドチャンスポイント,6man,period
0,8446,120,71985,355,25,87,116,240,0,48,65,78,84,35,65,100,49,123,40,3,9,12,30,86,51,0,186
1,8447,117,69288,432,60,187,102,217,0,48,71,74,92,51,75,126,93,137,83,12,14,53,65,160,34,0,194
2,8448,147,75513,378,43,126,110,208,1,29,35,99,41,70,113,183,43,40,42,6,14,50,75,184,48,0,195
3,8449,47,35008,178,46,127,18,43,0,4,8,49,10,6,22,28,17,11,10,1,5,7,8,10,8,0,121
4,8450,177,105495,549,63,228,121,282,0,118,168,144,172,92,189,281,138,179,124,15,37,58,104,216,49,0,239
5,8451,59,30520,110,11,30,32,70,4,13,21,40,33,33,38,71,25,23,10,1,6,4,7,64,15,0,144
6,8452,164,106050,820,50,139,269,481,57,132,225,144,260,179,327,506,112,154,77,56,30,64,91,456,138,0,237
7,8454,95,56338,176,23,95,34,94,0,39,57,114,70,7,60,67,54,65,25,3,11,10,28,56,2,0,173
8,8455,35,20783,56,1,15,26,57,0,1,2,32,9,6,22,28,11,19,10,1,1,2,4,16,2,0,77
9,8456,71,43121,247,19,60,69,189,0,52,67,48,68,22,60,82,64,91,19,2,13,10,19,80,21,0,114
10,8457,104,64058,318,32,85,81,149,0,60,76,102,90,30,69,99,65,104,53,1,11,82,53,146,16,0,218
11,8458,110,55285,273,7,34,103,262,0,46,69,150,114,45,94,139,71,40,20,13,17,12,28,96,26,0,130
12,8459,162,92530,344,74,204,36,97,0,50,59,128,75,19,101,120,44,26,36,7,15,8,26,40,10,0,237
13,8460,110,64988,244,11,56,84,202,0,43,57,92,74,23,63,86,57,69,38,2,11,22,35,74,19,0,230
14,8461,50,35156,138,3,22,53,127,0,23,32,67,34,17,50,67,23,36,15,1,7,26,24,48,4,0,139
15,8462,94,50213,123,14,52,35,107,0,11,14,90,29,20,60,80,36,81,26,2,10,4,20,54,0,0,186
16,8463,139,98830,555,113,278,89,176,0,38,54,70,48,19,67,86,39,54,27,1,14,22,80,64,34,0,243
17,8464,98,49413,157,21,70,40,82,0,14,27,65,41,59,85,144,27,19,23,6,5,18,17,76,15,0,149
18,8465,7,14168,33,0,0,15,48,0,3,3,48,15,20,24,44,9,7,11,1,6,0,0,22,6,0,72
19,8466,44,28503,34,0,12,16,52,0,2,4,45,17,11,37,48,27,31,20,0,7,0,0,22,6,0,149
20,8467,215,128336,682,89,250,172,414,0,71,100,122,155,61,222,283,113,184,63,1,33,66,86,242,53,0,261
21,8468,225,121639,717,132,346,115,263,0,91,109,161,125,70,181,251,110,74,56,7,36,37,50,138,82,0,259
22,8469,59,39526,105,20,99,14,35,0,17,23,73,25,26,44,70,23,20,13,1,8,10,6,22,5,0,163
23,8470,120,65224,319,58,192,71,177,0,3,10,126,29,39,110,149,43,40,28,32,14,6,33,54,30,0,133
24,8471,65,42821,92,5,22,37,110,0,3,5,69,14,33,39,72,18,25,19,1,3,10,10,28,0,1,156
25,8472,0,357,4,0,0,2,3,0,0,0,2,0,0,0,0,1,0,0,0,0,0,0,4,0,0,5
26,8473,3,4485,10,2,6,1,2,0,2,2,15,4,0,4,4,3,3,1,1,1,0,0,0,0,0,37
27,8474,104,68285,257,15,61,81,189,0,50,77,88,89,48,84,132,57,52,61,3,23,38,37,144,26,0,217
28,8475,206,116855,503,91,269,103,283,0,24,32,106,43,22,123,145,62,54,34,6,27,24,47,92,36,0,237
29,8476,114,62755,187,47,127,12,41,0,22,25,100,39,15,96,111,14,22,15,6,5,0,19,10,5,0,164
30,8477,126,73947,164,25,81,36,95,0,17,22,151,84,23,97,120,46,125,48,4,5,7,18,20,14,0,213
31,8478,90,56237,258,25,92,85,182,0,13,26,92,46,12,64,76,63,54,16,4,13,30,27,110,19,0,198
32,8479,98,67648,200,8,36,74,175,0,28,39,149,65,73,93,166,47,44,35,36,18,16,21,124,34,0,191
33,8480,95,57097,286,63,233,45,116,0,7,10,72,20,11,50,61,30,13,18,9,9,10,38,22,13,0,205
34,8481,152,91452,584,36,158,197,437,0,82,96,108,111,51,102,153,82,91,43,13,22,79,65,240,55,0,238
35,8482,134,85370,498,83,215,85,201,0,79,99,113,135,47,131,178,66,161,53,14,6,40,52,100,38,1,255
36,8483,21,10913,56,9,39,9,19,0,11,12,19,9,0,16,16,9,3,4,0,2,2,3,6,3,0,50
37,8484,145,90239,551,47,134,170,298,0,70,101,112,128,48,81,129,90,207,62,5,13,48,47,272,32,0,243
38,8485,136,69850,246,42,130,43,87,0,34,46,107,76,37,81,118,52,79,23,3,5,18,22,40,14,0,220
39,8486,68,33070,175,0,8,72,129,0,31,53,63,47,27,64,91,29,27,12,8,9,24,18,104,18,0,148
40,8487,120,79691,594,126,342,71,181,0,74,96,61,114,14,57,71,90,156,47,1,15,38,43,98,36,0,196
41,8488,30,17389,79,16,58,14,34,0,3,3,26,14,5,15,20,23,32,6,2,3,4,6,22,8,0,69
42,8489,24,15571,42,2,2,14,43,0,8,13,42,9,13,21,34,2,2,0,3,7,0,0,26,4,0,93
43,8490,166,120127,1757,72,173,586,1046,2,369,451,113,352,163,661,824,145,151,55,53,54,74,140,954,242,0,258
44,8491,144,53987,338,0,1,143,271,2,52,69,104,86,85,190,275,63,76,53,16,28,32,34,222,56,0,162
45,8492,144,89407,360,66,151,59,132,0,44,50,82,60,23,78,101,66,124,39,7,9,18,43,76,9,0,221
46,8493,72,56531,277,6,15,98,182,0,63,80,83,63,44,87,131,27,45,11,5,13,10,20,144,24,1,206
47,8494,111,62333,363,48,152,85,184,0,49,74,92,77,34,45,79,44,35,24,9,17,35,42,104,50,0,240
48,8495,0,4501,27,3,11,7,14,0,4,6,14,3,0,2,2,3,6,1,0,3,0,0,10,0,0,34
49,8496,3,8808,52,7,19,12,41,0,7,13,19,7,11,11,22,4,1,1,5,3,2,2,12,11,0,64
50,8497,163,95506,498,75,196,118,283,0,37,44,162,69,28,83,111,56,116,43,15,18,40,68,116,35,0,248
51,8498,93,54917,275,41,127,66,140,8,20,32,76,28,25,66,91,27,28,19,17,12,21,21,92,29,1,234
52,8499,95,76191,472,81,268,90,217,0,49,63,93,82,41,70,111,71,162,36,1,12,13,47,96,46,1,257
53,8500,133,74850,604,76,198,129,297,0,118,134,89,106,18,74,92,37,43,30,4,13,27,68,116,33,0,197
54,8501,149,88249,459,32,135,150,334,0,63,77,155,92,38,108,146,43,80,54,16,16,58,58,196,28,0,214
55,8502,187,104290,749,18,75,279,519,27,137,181,146,153,186,425,611,73,97,70,40,21,22,42,414,146,0,236
56,8503,185,114046,610,9,31,206,480,1,171,224,144,266,95,172,267,129,267,77,11,60,104,102,380,46,0,238
57,8504,101,66002,303,54,177,60,131,0,21,31,109,38,27,49,76,45,29,28,12,6,37,38,72,15,0,182
58,8505,22,10970,24,3,14,3,13,0,9,9,13,10,6,6,12,18,19,13,0,0,2,4,4,0,0,36
59,8506,25,21990,80,9,24,18,54,0,17,26,50,27,13,47,60,20,22,5,0,7,6,7,30,6,0,101
60,8507,171,98511,529,63,163,112,238,0,116,138,138,168,36,139,175,112,196,67,1,20,44,50,154,31,0,246
61,8508,113,70226,542,56,127,142,329,0,90,108,76,91,13,60,73,70,71,22,6,24,25,77,84,40,0,234
62,8509,192,90079,448,26,91,134,301,0,102,124,198,196,47,164,211,138,202,70,9,26,69,60,186,20,0,244
63,8510,118,74923,502,81,259,97,218,2,65,76,77,114,17,83,100,58,61,32,8,9,32,50,122,32,0,192
64,8511,83,50830,289,1,3,117,237,0,52,88,150,104,55,117,172,39,11,10,11,9,2,12,162,32,0,183
65,8512,123,74039,476,52,161,141,278,4,38,53,104,58,50,99,149,80,60,28,23,26,34,47,220,55,0,191
66,8513,114,72835,202,10,39,71,150,0,30,39,131,55,34,123,157,65,185,71,3,5,4,12,80,16,0,241
67,8514,87,46138,238,29,91,60,129,0,31,45,72,56,14,63,77,46,93,20,6,13,8,13,86,15,0,144
68,8515,23,19451,111,20,47,21,40,0,9,12,30,14,10,33,43,7,7,3,4,3,0,7,16,15,0,88
69,8516,141,87048,414,52,186,101,251,10,56,72,84,100,67,174,241,66,100,55,10,21,33,48,154,41,0,224
70,8517,161,106265,635,105,298,134,318,0,52,68,138,92,21,137,158,104,176,80,14,26,49,100,184,31,0,253
71,8518,138,77969,371,26,92,112,238,0,69,94,124,126,26,122,148,103,217,77,3,15,60,66,192,21,0,181
72,8519,1,4547,28,7,19,3,12,0,1,2,6,1,0,5,5,1,2,2,0,3,0,0,2,0,0,20
73,8520,125,75555,344,42,120,75,187,0,68,91,121,109,42,152,194,63,134,58,7,21,44,32,126,31,0,200
74,8521,106,54043,433,21,59,145,321,0,80,106,152,127,55,109,164,57,47,30,7,28,51,56,258,22,0,157
75,8522,30,20404,120,2,10,45,78,12,24,44,48,33,33,66,99,14,11,9,12,4,22,8,86,22,0,66
76,8523,39,32018,135,4,19,53,124,5,17,44,63,48,25,55,80,13,8,9,7,11,4,14,78,28,0,109
77,8524,0,1812,15,0,1,5,13,0,5,5,6,4,6,5,11,3,2,0,1,1,0,0,8,4,0,10
78,8525,205,108198,1068,2,4,423,791,42,216,282,138,266,236,526,762,115,78,39,80,34,14,49,742,232,0,231
79,8526,81,47484,289,31,96,74,177,0,48,61,60,70,46,91,137,40,47,20,8,13,28,19,126,24,0,133
80,8527,73,45358,69,4,26,27,54,0,3,14,60,36,41,49,90,18,16,20,12,2,10,7,50,12,0,129
81,8528,173,95281,491,107,320,59,145,0,52,81,108,106,46,182,228,60,47,44,5,7,18,33,74,34,0,235
82,8529,154,99855,521,16,94,194,415,0,85,135,99,151,55,155,210,102,200,68,18,30,45,54,290,39,0,228
83,8530,33,24297,79,7,30,23,45,0,12,20,34,26,10,41,51,14,25,16,3,2,10,6,24,6,0,117
84,8531,86,59749,313,15,72,109,233,0,50,77,89,78,21,109,130,29,23,19,20,10,28,29,146,19,0,198
85,8532,120,77385,434,64,201,87,191,0,68,82,160,114,17,103,120,69,102,58,14,16,50,68,128,15,1,246
86,8533,3,3621,12,1,7,4,7,0,1,1,6,1,1,4,5,3,1,0,0,0,0,2,2,0,0,19
87,8534,161,92533,574,91,222,101,223,0,99,118,96,117,18,82,100,62,66,37,4,15,41,82,116,33,0,232
88,8535,77,42423,262,24,86,76,166,0,38,53,81,89,11,52,63,36,86,32,5,15,34,44,104,12,0,141
89,8536,168,117962,844,99,306,215,479,0,117,145,121,149,41,190,231,107,106,64,26,30,54,74,200,64,0,250
90,8537,1,852,4,0,0,2,5,0,0,0,3,0,1,4,5,3,1,1,0,1,2,2,4,0,0,6
91,8538,140,79857,566,40,114,165,334,0,116,144,86,148,60,138,198,49,78,39,7,18,44,68,176,54,0,200
92,8539,184,97218,527,38,111,184,445,0,45,75,94,104,26,140,166,65,120,56,2,28,74,77,216,28,0,252
93,8540,0,995,4,1,4,0,1,0,1,2,3,1,0,0,0,1,3,0,0,0,0,0,0,3,0,10
94,8541,21,18798,54,5,20,14,36,0,11,20,27,23,11,26,37,14,11,7,1,4,8,6,22,5,0,92
95,8542,205,112796,613,125,337,100,223,0,38,63,114,76,24,138,162,53,49,34,3,14,55,46,114,55,0,223
96,8543,131,71433,412,60,166,88,159,0,56,73,108,72,23,108,131,78,97,23,28,10,16,42,150,15,0,172
97,8544,18,11725,19,0,1,7,27,0,5,12,35,18,13,16,29,4,4,3,2,3,0,2,8,0,0,55
98,8545,46,26567,73,9,30,19,50,0,8,13,49,23,9,34,43,22,32,13,1,7,4,7,34,2,0,83
99,8546,104,54322,143,20,69,37,100,0,9,14,58,15,22,38,60,41,51,28,0,5,16,17,50,5,0,158
100,8547,147,94136,670,115,310,113,266,0,99,132,109,182,26,100,126,166,232,71,8,29,57,85,170,19,0,223
101,8548,42,17473,60,0,4,19,58,0,22,30,36,38,18,24,42,19,9,8,1,3,6,6,32,2,0,63
102,8549,16,9278,29,4,13,5,32,0,7,10,15,10,5,10,15,9,5,1,0,1,4,0,8,5,0,42
103,8550,180,107476,710,106,276,134,322,0,124,167,118,133,47,188,235,56,60,41,18,18,31,54,118,61,0,238
104,8551,115,75466,205,26,85,46,117,0,35,40,100,69,25,73,98,34,53,30,7,12,6,28,50,19,0,200
105,8552,200,114373,734,69,222,193,464,0,141,193,166,238,39,153,192,130,186,48,18,35,31,42,272,72,0,243
106,8553,7,8957,28,2,11,10,23,0,2,8,31,9,10,14,24,6,3,2,7,0,0,0,18,6,0,49
107,8554,136,84117,306,74,231,26,68,0,32,49,84,69,52,96,148,39,51,15,5,10,23,24,22,23,0,213
108,8555,71,55951,200,32,118,32,91,0,40,60,74,58,35,75,110,40,73,34,0,10,10,17,40,21,0,184
109,8556,147,90053,436,7,13,158,328,0,99,123,133,170,121,191,312,49,50,33,11,16,16,24,174,44,0,203
110,8557,7,10374,29,0,4,13,47,0,3,6,27,12,20,21,41,11,6,4,6,6,2,4,22,4,0,57
111,8558,149,81380,363,28,101,124,263,0,31,40,156,51,38,116,154,75,56,54,14,20,46,42,158,20,0,214
112,8559,117,62131,270,46,130,54,122,0,24,39,84,43,20,62,82,35,40,30,4,8,20,37,76,19,0,191
113,8560,104,73401,414,16,55,156,334,0,54,92,140,107,94,184,278,73,70,26,13,27,38,50,212,50,0,224
114,8561,207,102811,589,84,237,145,301,0,47,63,133,90,43,104,147,98,183,62,1,19,36,55,190,32,0,237
115,8562,145,84118,537,121,302,63,146,0,48,67,94,61,29,141,170,39,93,67,7,12,40,66,74,41,0,226
116,8563,106,53375,223,37,116,44,120,0,24,31,103,50,12,59,71,53,58,17,3,9,10,10,30,6,0,210
117,8564,8,4262,19,3,16,4,4,0,2,2,3,2,2,4,6,1,1,2,0,0,0,0,8,0,0,22
118,8565,142,87866,451,0,2,188,354,0,75,111,151,128,99,176,275,63,61,15,34,23,12,22,320,54,0,185
119,8566,15,14325,55,10,36,10,23,0,5,6,27,12,4,21,25,4,7,1,1,2,4,6,14,3,0,66
120,8567,120,77255,311,49,151,75,150,0,14,17,86,24,40,130,170,24,61,23,9,6,32,30,130,25,0,216
121,8568,154,109005,396,63,175,75,195,0,57,76,99,117,34,131,165,72,245,54,4,13,26,27,112,21,0,253
122,8569,119,65785,286,57,178,35,89,0,45,62,85,65,32,67,99,40,45,22,5,15,10,20,46,15,0,229
123,8570,79,30048,113,22,65,19,49,0,9,13,70,39,4,30,34,32,47,5,1,0,9,7,34,5,0,161
124,8571,165,96484,535,115,287,77,169,0,36,45,125,50,12,132,144,72,106,50,7,10,22,51,132,41,0,244
125,8577,133,72854,418,71,233,75,160,0,55,77,105,99,21,81,102,52,53,37,0,12,22,15,104,34,0,203
126,8578,76,43789,119,19,48,28,62,0,6,6,89,31,23,55,78,52,87,40,1,5,12,17,50,10,0,149
127,8579,207,111088,790,33,130,301,437,19,89,127,113,104,181,346,527,48,76,101,111,17,100,99,556,151,0,228
128,8580,29,14676,77,17,45,10,22,0,6,9,27,13,3,8,11,11,21,13,1,2,6,7,12,3,0,47
129,8581,35,17695,66,12,40,13,26,0,4,8,35,10,5,12,17,11,10,10,3,1,8,11,24,3,0,72
130,8582,19,12607,24,0,0,9,18,0,6,12,28,10,12,11,23,6,8,7,0,1,4,6,18,4,0,57
131,8583,150,88831,552,112,268,89,168,0,38,47,140,80,64,118,182,60,85,51,10,17,32,60,140,52,0,219
132,8584,60,39219,188,33,85,36,68,0,17,36,91,45,18,42,60,20,27,18,5,7,13,16,46,18,0,147
133,8585,191,115952,758,114,288,146,345,0,124,185,108,163,53,137,190,93,145,38,13,19,39,85,220,69,0,240
134,8586,34,18111,63,0,2,25,45,0,13,29,70,28,23,20,43,18,12,7,3,7,2,4,48,18,0,83
135,8587,111,61030,254,50,133,38,75,0,28,32,113,55,12,83,95,26,79,34,2,6,16,16,58,17,0,148
136,8588,64,46261,148,25,84,26,71,0,21,33,81,47,21,61,82,39,66,41,4,9,10,28,28,14,0,141
137,8589,188,111740,810,82,205,240,495,7,84,112,118,151,45,162,207,109,214,72,29,18,46,91,316,65,0,243
138,8590,89,54977,224,46,131,30,94,0,26,36,92,49,18,68,86,36,63,30,3,3,6,17,32,23,0,157
139,8591,158,103952,590,0,0,250,384,14,90,153,157,131,325,415,740,67,61,16,43,26,10,24,484,246,0,239
140,8592,187,103756,989,106,249,258,555,0,155,170,38,152,21,95,116,64,40,27,8,18,42,77,196,64,0,221
141,8593,155,101780,949,7,25,355,645,57,218,318,160,282,137,356,493,100,99,50,77,36,54,70,544,126,1,243
142,8594,86,47069,292,56,140,55,120,0,14,17,87,41,15,54,69,33,32,13,5,9,4,20,26,36,0,159
143,8595,14,12092,45,6,20,12,36,0,3,4,24,12,10,9,19,12,9,3,2,0,2,4,8,7,0,82
144,8596,182,86169,698,9,39,281,508,11,109,161,118,182,93,321,414,100,243,22,8,20,16,44,448,106,0,197
145,8597,11,9858,17,0,0,6,20,0,5,10,25,8,10,37,47,7,6,4,6,1,2,0,12,2,0,38
146,8598,175,102116,713,71,254,189,441,3,122,158,122,163,48,188,236,137,183,84,16,32,46,84,278,78,0,211
147,8599,199,112276,670,61,204,183,425,0,121,154,129,130,49,136,185,94,110,42,5,23,28,54,258,45,0,232
148,8600,87,60699,250,37,118,55,118,0,29,55,105,87,28,66,94,93,89,62,3,13,16,31,106,24,0,208
149,8601,3,4872,13,3,9,1,10,0,2,2,26,2,0,0,0,2,4,1,2,1,0,0,0,0,0,49
150,8602,152,87594,521,113,274,67,154,0,48,63,115,72,20,82,102,64,89,24,2,16,13,25,48,36,0,237
151,8603,16,9244,23,2,18,7,24,0,3,4,16,8,2,6,8,10,12,1,1,1,0,4,14,0,0,60
152,8604,136,87284,577,71,196,141,316,0,82,101,121,126,43,137,180,100,104,28,17,24,36,46,200,31,0,225
153,8605,185,99420,428,82,196,83,182,0,16,23,77,26,33,164,197,35,105,15,1,3,12,36,80,42,0,241
154,8606,147,75385,334,64,157,57,153,0,28,38,128,74,30,76,106,57,99,31,1,16,10,24,48,29,0,224
155,8607,173,108046,633,57,180,186,417,0,90,108,109,113,67,194,261,76,147,88,12,15,43,94,202,48,0,242
156,8608,128,78548,944,95,287,221,490,1,217,261,154,190,59,227,286,76,59,45,16,26,24,76,318,75,0,176
157,8609,79,49184,176,18,51,43,120,0,36,45,81,48,16,92,108,48,57,18,1,3,2,2,32,14,0,204
158,8610,0,0,0,0,0,0,0,0,0,0,0,0,0,0,0,0,0,0,0,0,0,0,0,0,0,0
159,8611,140,81728,283,1,13,106,265,0,68,107,119,126,67,152,219,57,30,38,5,29,34,34,126,20,0,237
160,8612,51,36869,133,40,151,6,18,0,1,6,54,8,6,15,21,22,11,11,1,6,6,20,4,0,0,152
161,8613,190,108686,523,48,142,143,307,0,93,116,147,169,47,169,216,124,169,84,5,17,36,54,220,28,0,250
162,8614,59,48705,212,28,87,48,124,0,32,50,83,81,35,58,93,40,72,29,4,11,12,25,68,27,0,189
163,8615,105,72396,498,43,164,149,334,0,71,102,58,90,16,103,119,56,76,39,6,18,82,86,180,27,0,219
164,8616,0,1391,5,1,1,1,2,0,0,0,3,0,0,2,2,0,1,1,0,0,0,0,2,0,0,8
165,8617,19,9954,53,15,44,4,11,0,0,0,10,3,4,16,20,6,2,2,0,3,4,4,8,0,0,39
166,8618,23,22334,64,3,8,23,68,0,9,21,47,24,15,22,37,11,8,6,2,11,6,9,38,2,0,118
167,8619,44,21743,93,14,42,22,44,0,7,10,30,13,5,26,31,11,9,4,1,3,10,13,26,6,0,85
168,8620,175,106963,595,83,257,144,323,0,58,85,80,93,47,89,136,33,62,37,4,27,52,53,206,33,0,245
169,8621,172,87872,402,40,136,103,248,0,76,104,115,146,20,96,116,104,134,62,5,20,62,56,166,12,0,239
170,8622,107,59998,443,6,27,175,393,0,75,112,76,99,82,93,175,47,24,15,5,27,12,24,250,89,0,177
171,8640,28,10327,8,0,0,3,6,0,2,4,40,5,17,21,38,7,2,4,0,0,0,0,6,0,0,81
172,8641,67,52852,130,7,36,45,104,0,19,26,84,49,31,62,93,32,65,28,2,6,7,16,38,9,0,185
173,8642,145,82121,323,29,111,87,203,0,62,86,169,110,38,97,135,59,48,26,11,22,8,26,128,17,0,185
174,8643,130,85056,359,21,89,106,254,0,84,96,150,123,35,109,144,83,178,88,6,22,42,51,138,18,0,209
175,8645,193,111433,614,116,328,77,163,0,112,143,113,180,22,171,193,110,215,64,5,25,46,58,138,25,0,229
176,8648,1,465,0,0,1,0,1,0,0,0,0,1,1,1,2,0,0,0,0,0,0,0,0,0,0,6
177,8649,243,119479,1102,19,70,460,880,18,125,279,148,290,270,568,838,124,212,97,52,37,68,108,762,233,0,259
178,8650,180,81542,459,10,38,188,360,0,53,64,111,127,44,72,116,56,217,65,5,19,64,60,206,41,0,242
179,8651,134,77587,490,4,15,196,355,8,86,129,136,127,109,286,395,101,110,59,65,22,42,60,320,79,0,228
180,8652,145,74675,279,19,70,94,206,0,34,43,100,58,16,94,110,66,78,29,7,12,28,28,136,11,0,221
181,8653,77,39535,125,0,1,56,119,3,13,19,95,34,58,99,157,33,17,18,15,10,10,6,86,20,0,134
182,8654,90,64591,337,63,197,57,141,0,34,50,70,56,13,45,58,43,48,20,2,12,26,41,68,23,0,200
183,8655,179,103569,674,91,299,140,320,0,121,150,131,205,31,147,178,104,144,37,8,32,35,73,180,67,0,244
184,8656,72,49288,295,47,138,56,146,0,42,55,69,50,25,67,92,59,32,21,5,12,20,9,82,26,0,163
185,8657,163,86494,649,81,206,150,325,0,106,119,99,106,20,126,146,39,35,34,10,19,36,62,158,47,0,218
186,8658,44,30764,104,12,40,30,76,0,8,9,51,35,20,40,60,39,36,37,6,4,10,13,48,7,0,133
187,8659,0,664,0,0,0,0,0,0,0,0,4,0,0,2,2,0,1,0,0,0,0,0,0,0,0,9
188,8662,118,72672,390,42,173,111,267,0,42,63,111,74,73,170,243,65,82,26,6,13,12,50,158,58,0,204
189,8663,58,32888,77,16,44,13,34,0,3,8,37,14,6,42,48,31,58,11,0,1,2,2,14,0,0,103
190,8664,62,43370,543,49,110,143,291,4,110,153,98,126,56,145,201,73,65,34,18,15,14,39,210,74,0,112
191,8665,132,76113,431,64,199,76,214,0,87,114,147,120,20,65,85,84,101,30,5,18,25,46,108,28,0,217
192,8666,6,7384,21,0,8,6,19,0,9,19,21,14,10,9,19,4,5,5,2,3,4,4,12,4,0,42
193,8667,118,71991,377,82,248,59,137,0,13,20,85,47,27,78,105,62,64,28,11,9,47,40,92,17,0,220
194,8668,75,46383,160,34,106,20,63,0,18,22,71,27,13,66,79,45,54,19,5,5,7,4,28,11,0,155
195,8669,84,52503,275,47,147,54,123,0,26,43,67,59,43,91,134,30,33,39,9,14,19,38,88,24,0,158
196,8670,133,81978,431,55,149,107,212,0,52,63,121,107,23,115,138,110,135,27,12,17,28,52,174,36,0,211
197,8671,156,85773,313,47,169,72,174,0,28,42,101,76,28,118,146,109,114,42,13,14,23,35,84,25,0,215
198,8672,119,70194,316,23,90,99,220,0,49,77,145,130,60,137,197,42,68,19,27,15,10,15,122,22,0,141
199,8673,215,107269,517,91,241,95,250,0,54,70,142,99,13,133,146,68,131,43,5,24,42,68,110,31,0,255
200,8674,170,102569,558,65,212,124,304,0,115,157,113,169,27,140,167,107,155,56,8,25,51,68,190,22,0,235
201,8675,77,49844,191,36,107,29,61,0,25,29,59,39,12,64,76,16,25,15,1,14,23,28,40,6,0,194
202,8676,81,48445,191,2,9,78,191,0,29,49,107,40,54,89,143,26,24,12,11,18,24,23,112,44,0,153
203,8677,192,117703,718,158,434,80,189,0,84,107,144,88,17,125,142,54,85,39,19,12,76,70,112,39,0,256
204,8678,119,66127,225,7,34,92,196,0,20,34,154,57,28,60,88,25,47,48,1,9,52,59,152,6,0,222
205,8679,3,5245,33,9,30,0,4,0,6,9,8,6,3,7,10,5,1,1,1,3,3,3,0,3,0,56
206,8680,145,91012,335,33,102,95,216,0,46,64,98,91,49,92,141,51,47,45,3,17,28,42,98,30,0,241
207,8681,81,47911,183,24,59,34,106,0,43,54,31,72,47,55,102,40,57,25,3,6,0,9,56,18,0,166
208,8682,43,23815,67,1,4,25,82,0,14,26,54,30,25,38,63,17,14,4,4,10,2,4,40,10,0,82
209,8683,130,79406,439,91,227,63,170,0,40,58,110,83,28,67,95,58,67,39,5,21,29,43,88,38,0,217
210,8684,92,50246,232,25,90,66,154,0,25,29,99,39,29,51,80,49,45,26,8,21,32,34,114,15,0,192
211,8688,72,43726,288,36,86,70,154,0,40,63,86,78,60,63,123,41,35,19,8,16,13,27,106,43,0,93
212,8689,113,71312,355,49,130,77,165,0,54,65,102,92,26,104,130,75,159,37,4,7,24,46,68,36,0,192
213,8690,71,37800,144,19,62,29,51,0,29,45,71,71,19,54,73,38,58,35,7,6,8,10,52,17,0,164
214,8701,121,68371,324,39,101,77,166,1,53,69,102,81,34,103,137,55,59,27,24,25,23,50,136,18,0,211
215,8702,141,84918,362,58,182,85,209,0,18,26,118,50,49,142,191,50,31,24,13,11,2,22,92,34,0,221
216,8703,49,29482,104,24,85,12,23,0,8,17,41,22,6,28,34,16,44,6,1,0,2,8,14,5,0,94
217,8704,88,41924,221,64,164,11,47,0,7,12,56,25,9,39,48,32,31,18,2,5,8,29,14,45,0,126
218,8705,58,36499,195,31,82,36,88,0,30,37,36,60,10,49,59,47,75,16,1,9,6,17,30,7,0,87
219,8706,19,13929,45,8,27,9,27,0,3,6,46,7,3,22,25,7,10,4,2,4,0,2,8,0,0,55
220,8707,58,54511,281,57,192,44,95,0,22,36,88,60,22,85,107,60,55,42,17,7,11,37,50,35,1,186
221,8708,111,56805,218,13,37,81,210,0,17,28,120,66,31,108,139,91,136,46,4,17,26,37,102,14,0,195
222,8709,211,115260,1186,154,429,248,464,17,228,320,169,381,82,402,484,200,207,48,43,28,57,101,444,126,0,242
223,8710,3,4413,7,1,9,1,5,0,2,2,10,1,1,9,10,2,0,1,1,0,0,0,0,0,0,31
224,8711,6,3818,30,7,19,3,6,0,3,6,12,4,1,2,3,7,5,0,0,0,0,0,2,3,0,21
225,8712,163,98432,504,81,228,107,239,0,47,59,90,98,16,132,148,79,140,37,4,26,42,58,164,36,0,233
226,8713,87,51303,247,29,115,63,169,0,34,44,72,45,21,89,110,53,45,19,7,9,2,16,44,12,0,162
227,8714,69,41858,167,33,108,18,48,0,32,34,95,44,24,35,59,22,39,20,6,8,0,17,12,12,0,159
228,8715,125,60039,216,18,66,61,124,0,40,54,143,83,51,91,142,51,46,23,3,10,8,17,86,23,0,156
229,8716,13,9846,68,20,55,3,7,0,2,6,19,6,3,5,8,7,2,1,1,0,0,6,2,11,0,47
230,8717,145,88049,546,35,166,156,393,1,129,166,133,193,34,130,164,98,171,26,10,29,28,41,234,34,0,229
231,8718,66,32581,142,23,70,29,85,0,15,27,32,25,9,35,44,15,17,10,1,4,9,8,24,12,0,140
232,8719,113,63933,224,2,19,100,229,0,18,24,100,28,43,56,99,32,22,31,9,9,26,36,98,8,0,180
233,8720,112,56436,244,30,68,65,149,0,24,33,86,47,14,71,85,36,46,28,2,11,14,25,50,26,0,202
234,8721,176,112584,860,101,323,190,413,0,177,224,125,266,38,168,206,116,202,61,11,29,23,41,234,48,0,238
235,8722,112,70048,350,36,138,97,201,0,48,66,82,102,27,76,103,86,119,36,8,16,41,49,162,26,0,184
236,8723,64,34058,128,2,6,46,130,1,30,51,77,41,49,102,151,29,17,19,26,15,2,4,74,25,0,89
237,8724,143,80780,385,55,202,80,247,0,60,87,130,111,55,108,163,80,56,46,7,32,23,51,98,26,0,229
238,8725,14,9052,37,6,20,6,20,0,7,8,39,11,3,9,12,9,1,4,0,4,0,0,12,4,0,60
239,8726,151,92378,492,6,25,192,397,6,90,126,78,106,140,265,405,60,41,27,40,22,40,38,252,91,0,221
240,8727,135,82406,467,45,110,139,321,0,54,72,144,95,40,105,145,67,117,62,14,21,16,32,220,48,0,220
241,8728,12,6896,26,7,15,1,2,0,3,4,14,8,1,8,9,9,2,3,1,0,3,3,2,0,0,43
242,8729,158,101601,625,119,343,67,195,0,134,154,136,168,21,88,109,101,84,28,1,22,35,38,84,50,0,238
243,8730,59,38160,141,27,96,25,60,0,10,14,62,25,11,51,62,26,44,11,3,3,6,14,22,13,0,134
244,8731,144,79647,611,88,232,128,321,0,91,107,97,130,19,87,106,100,93,39,2,20,34,80,158,50,0,176
245,8732,97,60451,425,45,162,110,251,0,70,87,63,65,25,61,86,70,75,42,2,11,31,52,124,34,0,149
246,8733,44,32678,129,11,44,29,69,0,38,52,66,49,11,48,59,45,33,19,4,13,6,13,48,14,0,147
247,8734,122,61684,264,39,104,54,135,1,39,59,98,65,19,84,103,65,73,34,8,17,9,37,90,18,0,167
248,8735,71,43626,154,36,99,19,54,0,8,12,30,22,8,31,39,39,43,12,1,6,8,16,20,14,0,166
249,8736,88,37562,134,21,54,30,91,0,11,16,87,31,22,46,68,33,60,33,2,7,15,25,30,2,0,185
250,8737,138,79612,291,22,82,73,137,0,79,93,114,98,51,111,162,44,38,64,20,11,42,49,116,30,0,211
251,8738,149,95509,616,72,232,137,313,1,126,157,146,159,70,169,239,95,71,33,42,25,23,60,218,54,0,237
252,8739,92,44079,158,36,106,20,53,0,10,17,43,33,20,57,77,25,19,17,9,9,9,5,26,12,0,176
253,8740,31,22242,80,10,41,17,41,0,16,25,65,27,17,29,46,27,50,29,0,4,7,7,34,2,0,96
254,8741,14,18959,76,9,26,16,35,0,17,28,53,19,9,14,23,15,12,6,3,5,6,4,24,0,0,88
255,8742,148,73017,300,19,64,94,197,0,55,87,145,82,55,152,207,42,74,41,18,24,36,39,180,10,0,208
256,8743,37,33785,116,25,77,17,31,0,7,7,43,10,20,45,65,22,37,38,3,4,21,21,34,4,0,103
257,8744,129,65759,245,30,110,46,98,0,63,85,108,117,10,87,97,66,105,25,4,8,24,27,76,9,0,174
258,8755,151,90586,589,84,235,117,278,0,103,126,159,114,55,148,203,118,129,76,12,11,25,51,190,45,0,231
259,8756,122,82401,410,49,171,93,243,0,77,107,146,134,36,78,114,88,77,27,10,33,43,30,152,25,0,222
260,8757,134,87561,376,41,145,94,235,0,65,100,130,107,29,131,160,63,50,32,1,21,20,34,116,28,0,228
261,8758,34,22919,110,0,0,46,99,0,18,29,64,31,28,52,80,30,14,3,1,10,2,16,76,18,0,113
262,8759,134,67961,195,15,81,58,154,0,34,55,132,54,64,135,199,57,62,50,24,19,23,33,100,18,0,202
263,8760,62,52048,424,6,20,170,286,39,66,123,97,122,112,186,298,52,29,28,21,30,16,30,328,106,0,155
264,8761,101,61241,240,38,103,51,121,0,24,27,116,42,46,115,161,51,43,38,4,15,16,22,64,21,0,189
265,8762,118,77888,754,2,9,328,568,13,92,146,106,140,177,326,503,57,105,29,25,24,20,30,642,156,0,237
266,8763,157,98922,608,0,3,245,544,24,118,197,150,187,214,344,558,121,44,64,45,52,28,36,462,156,0,223
267,8764,0,0,0,0,0,0,0,0,0,0,0,0,0,0,0,0,0,0,0,0,0,0,0,0,0,0
268,8765,6,2884,9,3,10,0,2,0,0,0,4,1,1,3,4,3,2,0,0,2,3,0,0,0,0,19
269,8766,169,95387,352,33,122,97,163,0,59,88,132,102,48,135,183,80,96,85,25,6,42,46,166,24,0,202
270,8767,160,84749,446,35,95,146,283,0,49,66,128,90,98,120,218,76,80,45,1,12,74,45,210,38,0,232
271,8768,191,91446,498,3,9,196,395,0,97,144,120,143,53,161,214,104,151,26,16,24,18,28,310,53,0,226
272,8769,2,3046,27,2,12,8,12,0,5,9,6,5,1,7,8,8,6,2,0,3,0,2,12,2,0,19
273,8784,115,64792,475,2,10,196,354,3,77,104,129,110,104,220,324,69,26,13,20,31,8,28,356,94,0,158
274,8834,36,37186,130,3,24,32,88,0,57,96,97,89,99,118,217,57,116,30,8,7,2,8,60,26,0,122
275,8835,113,75935,733,11,58,253,451,33,194,238,148,187,166,318,484,77,110,79,47,51,48,59,482,133,1,237
276,8836,148,101149,584,107,248,104,244,0,55,63,97,92,31,149,180,104,167,60,0,10,40,56,74,41,0,233
277,8837,161,97996,511,79,235,111,231,1,52,71,109,74,33,104,137,75,87,28,12,24,30,53,156,28,0,236
278,8838,141,84384,532,107,275,86,203,0,39,54,107,70,22,38,60,42,96,45,1,21,49,62,94,78,0,213
279,8839,117,67368,304,38,136,75,160,0,40,71,101,82,24,83,107,58,100,40,2,20,50,40,128,18,0,215
280,8840,15,8382,73,16,36,10,21,0,5,7,13,16,1,15,16,5,4,3,3,3,5,8,10,5,0,21
281,8841,72,39683,134,0,0,60,123,0,14,29,97,43,56,115,171,23,26,11,6,9,6,10,102,24,0,121
282,8842,150,83469,463,77,229,70,204,0,92,114,147,122,15,95,110,64,75,47,4,7,18,56,108,29,0,227
283,8843,147,76179,717,28,84,244,438,20,145,218,182,194,108,339,447,88,91,58,91,28,2,47,434,79,0,238
284,8844,122,83845,788,0,1,316,526,38,156,287,126,279,230,460,690,112,105,70,82,27,50,76,626,180,1,235
285,8845,115,66170,520,11,51,197,397,1,93,131,150,127,115,289,404,69,75,42,28,19,6,32,260,74,0,173
286,9026,110,65644,423,4,15,165,295,36,81,122,151,110,91,177,268,48,19,36,40,16,10,34,260,84,0,180
287,9027,0,875,4,0,0,1,3,0,2,2,0,1,0,3,3,0,0,0,0,1,0,0,2,0,0,6
288,9028,167,106550,1148,87,272,334,661,4,219,281,107,309,67,227,294,128,252,90,7,20,100,130,554,73,0,251
289,9029,101,52669,221,47,135,33,83,0,14,18,72,29,22,68,90,16,32,9,5,2,18,18,62,18,0,185
290,9030,9,6952,37,6,22,6,12,0,7,9,17,9,1,9,10,4,13,1,2,1,4,4,8,12,0,37
291,9031,128,84810,571,81,252,145,284,1,38,65,139,87,82,165,247,45,63,50,20,18,35,44,216,59,0,231
292,9032,116,69553,345,18,57,99,205,0,93,148,111,137,43,132,175,61,75,39,9,19,36,51,186,17,0,212
293,9033,172,104943,601,26,84,197,409,0,129,167,108,175,169,375,544,66,68,49,56,42,24,49,322,119,0,259
294,9034,112,61277,367,78,199,51,128,0,31,33,62,41,17,65,82,25,26,14,3,2,23,45,48,33,1,223
295,9035,44,24491,95,0,0,42,85,12,11,27,58,25,48,63,111,7,12,4,26,7,4,4,74,30,0,96
296,9036,0,1164,2,0,0,1,5,0,0,0,1,0,0,0,0,0,1,0,0,0,0,0,0,0,0,9
297,9037,185,112080,838,103,254,204,433,2,121,157,86,147,24,170,194,88,164,92,7,24,52,78,268,44,0,250
298,9038,76,34860,455,26,66,128,211,23,121,145,55,111,46,111,157,37,35,18,8,10,14,23,226,81,0,97
299,9039,114,64250,134,27,89,18,67,0,17,21,106,50,12,69,81,19,47,32,5,5,0,3,10,8,0,202
300,9040,142,87284,1198,31,101,403,683,12,299,384,126,323,162,316,478,100,92,43,28,40,48,84,726,191,0,196
301,9041,147,88159,1153,71,177,369,800,64,202,286,156,218,105,395,500,110,53,29,100,39,42,85,540,118,0,202
302,9042,82,43788,264,0,2,117,236,11,30,45,74,65,99,135,234,37,26,48,20,24,18,34,224,60,0,142
303,9043,93,56916,679,99,327,153,280,27,76,109,69,124,31,207,238,63,52,30,46,15,62,62,254,82,0,133
304,9044,181,97475,780,143,380,142,304,0,67,86,135,81,18,114,132,66,85,59,11,26,109,119,212,36,0,230
305,9045,76,49067,258,41,119,51,126,0,33,40,71,50,9,73,82,38,34,30,1,11,12,40,62,13,0,127
306,9053,92,53375,259,15,59,89,196,0,36,51,91,59,23,91,114,41,59,37,17,18,28,34,126,10,0,151
307,9054,47,29891,77,2,14,33,84,0,5,10,61,15,29,61,90,15,9,11,8,5,0,2,34,10,0,85
308,9055,170,109849,814,104,298,171,409,0,160,182,90,189,33,115,148,135,250,51,2,26,48,66,218,69,0,229
309,9056,166,87075,614,1,6,240,395,81,131,206,165,209,162,307,469,112,104,62,87,26,28,43,446,76,0,224
310,9057,113,88108,1027,131,419,233,446,47,168,225,111,225,63,352,415,124,128,56,22,22,93,103,396,97,1,221
311,9058,167,79609,599,0,2,222,413,54,155,236,130,223,119,232,351,96,55,34,32,31,4,30,442,92,0,234
312,9059,63,33913,362,48,141,83,160,2,52,78,61,70,33,115,148,51,54,47,6,23,27,41,156,29,0,68
313,9060,27,20052,61,2,18,21,64,0,13,17,49,15,8,13,21,19,28,10,0,5,5,3,34,6,0,98
314,9061,34,31086,145,0,2,61,131,0,23,50,68,47,46,84,130,28,18,16,13,8,4,10,112,28,0,114
315,9062,152,83732,898,21,73,315,617,67,205,287,145,234,92,291,383,148,77,54,54,23,27,52,554,85,0,233
316,9063,169,102495,913,117,332,238,510,15,86,109,133,98,182,527,709,106,95,52,115,17,12,66,324,161,0,248
317,9064,146,74609,364,54,169,84,182,0,34,58,109,90,15,90,105,72,101,29,12,8,40,27,128,22,0,204
318,9065,0,1917,5,1,1,1,7,0,0,0,4,0,2,2,4,1,2,0,0,0,0,0,0,2,0,13
319,9066,65,33255,206,4,13,80,152,16,34,63,57,62,53,159,212,39,32,30,23,6,10,26,130,39,0,72
320,9067,92,57837,581,33,128,176,451,25,130,179,123,148,95,224,319,119,35,59,21,41,54,62,270,97,0,146
321,9068,133,77705,227,0,0,94,212,0,39,60,141,96,92,142,234,42,38,44,7,10,18,10,122,30,0,214
322,9069,130,83013,731,53,171,225,496,3,122,163,159,170,158,335,493,115,136,57,48,37,34,59,388,129,0,244
323,9070,112,56940,278,0,0,129,250,1,20,49,145,57,69,111,180,30,15,29,19,18,36,34,192,54,0,189
324,9071,149,74966,718,39,99,205,458,1,191,254,116,235,104,354,458,77,93,27,48,36,14,29,280,85,0,157
325,9074,34,33156,167,29,94,34,73,0,12,17,60,30,37,36,73,34,55,38,1,6,22,33,52,10,0,128
326,9075,3,6766,23,3,18,4,9,0,6,6,20,5,5,5,10,2,1,2,0,0,2,2,2,2,0,61
327,9076,140,73350,755,19,64,299,545,34,100,144,145,168,129,271,400,89,52,36,44,30,38,81,522,110,0,206
328,9080,62,35294,363,38,129,104,219,3,41,68,61,90,43,112,155,56,54,17,25,9,8,29,142,37,0,89
329,9081,11,4890,48,2,8,17,25,3,8,11,8,10,6,21,27,5,2,4,5,1,0,6,32,6,0,16
330,9082,151,73821,632,116,280,113,228,4,58,72,110,64,43,218,261,61,72,39,14,12,6,59,146,76,0,233
331,9083,188,96561,1094,26,79,431,817,13,154,209,107,234,232,525,757,87,136,33,16,31,6,50,636,204,0,235
332,9084,39,22208,243,14,40,79,133,9,43,54,39,53,32,74,106,34,12,9,1,17,20,27,150,20,0,53
333,9085,42,30419,201,0,1,85,172,5,31,88,100,83,59,88,147,44,28,2,9,16,6,10,162,34,0,131
334,9086,6,7433,19,1,12,8,19,0,0,2,24,2,3,9,12,7,1,5,1,1,4,4,6,2,0,68
335,9087,120,69032,726,93,256,172,325,1,103,132,138,135,108,340,448,79,88,29,22,16,6,85,252,99,0,201
336,9088,128,70512,763,31,93,249,445,17,172,244,110,245,70,195,265,98,170,53,21,24,126,97,444,77,0,160
337,9089,164,95519,801,55,147,253,476,17,130,172,160,170,154,397,551,59,73,47,81,31,24,72,426,121,0,248
338,9090,26,15874,165,0,1,63,113,15,39,52,23,43,42,58,100,16,7,7,20,6,4,6,122,30,0,43
339,9239,29,15718,64,11,50,11,33,0,9,10,25,24,2,32,34,10,24,6,0,3,0,7,20,8,0,65
340,9328,61,44091,168,0,0,77,192,0,14,26,104,38,68,85,153,24,18,20,13,23,4,12,108,26,0,136
341,9329,55,35365,129,5,24,45,87,0,24,37,67,37,55,102,157,18,31,27,5,6,10,19,80,28,0,135
342,9330,21,14762,82,6,24,20,68,0,24,27,38,28,3,7,10,23,17,9,2,2,8,16,28,4,0,107
343,9331,136,78710,816,38,138,251,504,13,200,270,124,220,50,241,291,81,176,75,19,26,75,102,444,45,0,163
344,9332,162,78369,717,3,13,269,527,57,170,303,156,279,175,389,564,157,64,77,104,37,56,81,500,100,0,236
345,9333,47,37178,337,8,19,126,248,8,61,86,81,83,61,137,198,41,17,16,51,7,6,29,230,50,0,136
346,9334,126,66855,571,8,26,227,327,36,93,153,88,128,122,256,378,58,85,24,42,20,72,76,446,103,0,178
347,9336,31,19546,83,8,40,17,47,0,25,34,41,49,8,20,28,13,22,12,2,4,2,5,12,8,0,89
348,9337,161,88698,417,60,227,99,275,0,39,49,96,62,43,135,178,51,55,34,5,28,26,49,110,47,0,227
349,9339,46,33718,118,17,85,25,84,0,17,24,28,29,12,43,55,47,47,6,0,14,4,16,40,10,0,131
350,9340,170,103790,1149,59,191,360,738,14,252,352,147,308,180,366,546,127,191,105,43,44,88,110,622,157,0,228
351,9341,120,68533,459,80,272,82,173,1,55,74,84,74,24,93,117,52,29,46,3,10,44,77,112,33,0,201
352,9342,102,63793,372,0,2,162,332,37,48,111,149,96,165,256,421,78,38,33,77,31,6,22,288,118,0,200
353,9343,75,48159,232,55,173,22,52,0,23,32,61,31,20,33,53,16,17,17,0,6,24,26,32,17,0,176
354,9344,178,107067,501,34,106,154,343,0,91,138,145,191,94,174,268,117,161,92,4,37,80,76,252,42,0,233
355,9345,91,47099,380,0,2,161,317,18,58,115,121,122,103,157,260,80,29,31,45,25,20,24,302,80,0,150
356,9346,109,59784,318,18,56,114,243,0,36,58,85,70,40,78,118,57,39,20,11,12,24,22,140,30,0,140
357,9347,108,67717,668,0,3,250,447,1,168,244,151,224,100,185,285,99,47,19,32,33,44,74,432,98,0,128
358,9348,216,121506,734,100,289,137,288,0,160,197,180,250,73,196,269,172,304,129,13,21,64,94,202,42,0,236
359,9349,149,85563,409,81,251,65,136,0,36,49,119,64,46,100,146,73,135,85,15,6,43,68,94,47,0,172
360,9350,129,79237,358,77,224,50,136,0,27,39,91,73,31,96,127,52,73,31,8,4,38,38,48,29,0,170
361,9351,29,17230,131,31,97,13,44,0,12,20,46,21,5,18,23,18,10,12,3,3,18,19,14,0,0,63
362,9352,171,94707,328,21,67,120,257,0,25,40,89,52,91,149,240,59,91,40,17,5,42,39,126,54,0,208
363,9353,19,19004,124,19,61,24,47,0,19,24,27,22,11,28,39,11,15,6,5,2,3,8,22,12,0,57
364,9354,140,83363,881,47,132,305,567,27,130,168,138,158,81,331,412,113,92,38,55,18,31,54,400,69,0,219
365,9355,102,60397,603,11,34,227,403,33,116,192,150,237,84,238,322,89,70,28,12,25,28,40,418,56,0,188
366,9356,93,46572,478,30,107,156,361,5,76,141,93,124,52,147,199,69,55,46,33,20,52,40,262,43,0,148
367,9358,51,31628,154,29,93,24,64,0,19,35,46,29,15,39,54,12,11,16,2,8,8,10,40,10,0,127
368,9359,78,42051,302,40,116,80,171,7,22,53,70,67,51,126,177,49,37,26,19,9,8,17,130,38,0,100
369,9360,144,75831,675,0,3,273,460,17,129,206,183,181,137,291,428,89,59,99,41,23,40,66,542,110,0,215
370,9365,0,904,0,0,0,0,2,0,0,0,5,1,0,2,2,6,1,1,0,0,0,0,0,0,0,9
371,9369,207,90877,673,1,3,263,535,29,144,221,172,188,159,365,524,125,40,35,65,48,4,22,450,133,0,236
372,9370,31,22636,219,16,49,76,144,4,19,27,25,34,33,82,115,29,21,11,7,10,22,26,148,31,0,52
373,9372,133,62301,569,1,6,241,475,0,84,147,144,137,126,344,470,67,61,22,25,18,6,28,392,134,0,178
374,9373,5,3059,19,0,0,8,17,0,3,4,5,6,4,10,14,5,3,1,0,1,2,0,16,6,0,12
375,9374,86,55599,473,1,3,194,379,37,82,150,123,125,132,248,380,86,34,37,28,21,18,36,336,86,0,179
376,9375,62,34520,321,23,71,93,160,9,66,87,91,83,57,156,213,60,31,17,14,5,20,22,152,39,0,86
377,9376,50,29361,253,14,60,90,185,0,31,39,52,46,49,96,145,32,40,16,5,7,8,10,124,45,0,82
378,9377,130,87556,940,46,144,323,661,17,156,264,145,285,165,392,557,156,75,27,36,42,40,40,550,146,1,209
379,9378,107,52345,396,3,16,156,337,6,75,120,109,153,72,172,244,74,43,18,20,17,0,19,240,36,0,129
380,9379,131,78532,994,27,103,361,681,81,191,298,102,280,119,484,603,149,77,33,63,34,50,51,632,122,0,202
381,9380,17,13262,37,4,16,5,15,0,15,22,20,24,6,19,25,22,19,6,1,2,4,2,8,3,0,63
382,9381,79,42351,335,0,0,134,283,40,67,113,95,104,97,167,264,48,14,8,60,14,6,20,252,84,0,149
383,9382,158,92776,948,119,317,205,402,1,181,232,115,235,101,323,424,73,49,59,18,29,45,72,350,99,0,212
384,9383,130,76220,779,1,4,299,551,52,178,246,112,241,84,303,387,84,88,20,48,11,16,52,456,87,0,183
385,9384,151,86016,724,50,174,225,478,18,124,169,111,158,109,311,420,130,179,44,60,20,6,36,316,102,0,236
386,9385,41,30746,310,36,119,61,131,5,80,103,54,90,34,124,158,51,29,14,25,11,27,21,104,30,0,87
387,9386,0,448,4,0,0,1,4,0,2,4,0,3,0,0,0,6,1,0,0,0,0,0,0,2,0,6
388,9387,155,83694,673,1,4,274,547,24,122,202,152,184,139,374,513,105,49,29,37,35,28,56,454,110,0,204
389,9388,116,76255,729,41,139,234,486,12,138,219,116,166,133,318,451,92,93,43,35,29,46,73,358,125,1,164
390,9389,98,53700,379,24,90,122,210,5,63,96,110,72,97,131,228,54,55,17,49,21,22,22,236,86,0,135
391,9390,27,22274,72,4,24,24,72,0,12,21,60,25,11,29,40,40,38,6,1,7,8,8,30,6,0,91
392,9391,42,24735,224,9,30,75,182,1,47,62,54,60,49,91,140,20,10,13,3,6,4,12,102,42,0,66
393,9392,203,107104,839,0,4,348,662,63,143,193,169,143,164,350,514,98,99,70,102,35,46,78,596,122,0,248
394,9393,15,10330,53,4,17,19,50,5,3,4,17,7,14,24,38,11,6,1,3,7,4,2,30,4,0,31
395,9394,105,54622,577,27,120,211,402,1,74,135,109,137,82,203,285,95,79,57,36,30,92,70,390,70,0,162
396,9395,35,24035,103,0,8,40,109,0,23,46,22,46,19,23,42,22,14,15,4,13,6,10,56,10,0,133
397,9396,248,123325,317,44,189,74,240,0,37,59,142,104,41,146,187,164,282,68,4,16,20,23,98,31,0,248
398,9397,0,17110,47,2,6,15,50,0,11,17,27,20,5,19,24,21,33,11,1,8,4,6,18,0,0,155
399,9398,214,118297,990,89,266,266,534,10,191,260,181,222,134,365,499,115,107,72,51,28,30,79,422,96,0,264
400,9399,31,31337,151,2,4,63,135,0,19,25,63,41,14,28,42,40,40,24,1,9,22,22,66,6,0,168
401,9400,154,99632,503,1,12,211,408,1,78,213,140,228,174,306,480,91,79,27,20,36,16,34,408,84,0,209
402,9401,5,20137,93,21,89,12,27,0,6,8,23,13,4,20,24,16,14,15,0,3,11,17,18,10,0,130
403,9402,160,68352,388,41,144,98,229,0,69,105,126,108,45,125,170,66,45,38,22,23,34,47,162,44,0,233
404,9403,157,88624,828,2,3,348,612,56,126,168,133,135,126,281,407,109,69,36,43,22,14,57,506,100,0,221
405,9404,112,77663,812,6,21,308,581,27,178,279,128,226,185,338,523,145,37,13,14,40,38,36,596,162,0,208
406,9405,43,26787,196,26,76,46,105,0,26,30,48,25,10,18,28,35,11,8,3,8,2,18,72,14,0,114
407,9406,51,40154,110,9,33,35,96,0,13,18,47,31,35,57,92,35,39,17,0,11,30,27,58,2,0,186
408,9407,12,8063,32,4,20,7,20,0,6,8,13,7,5,22,27,9,7,0,1,0,0,0,10,2,0,31
409,9408,32,83833,695,95,253,164,435,0,82,98,82,93,48,153,201,100,39,35,7,34,27,39,176,91,0,248
410,9409,184,74926,288,47,166,56,138,0,35,48,141,62,68,117,185,69,52,57,6,13,26,20,86,18,0,243
411,9410,143,51267,262,2,8,109,240,0,38,56,114,77,42,68,110,38,21,15,6,12,20,22,116,28,0,216
412,9411,156,86639,807,0,3,293,570,28,221,328,177,326,196,348,544,137,89,52,117,21,32,50,500,132,0,235
413,9412,29,13292,68,5,15,17,32,0,19,23,30,20,2,19,21,21,18,7,2,0,0,7,8,2,0,62
414,9413,15,13078,61,7,22,15,34,0,10,20,47,25,9,23,32,30,24,7,1,2,4,4,24,2,0,74
415,9414,11,5168,37,1,1,15,26,2,4,4,15,8,12,17,29,3,6,2,2,2,0,0,22,15,0,19
416,9418,144,77021,697,36,130,232,505,8,125,250,148,222,125,287,412,102,89,44,41,40,37,61,416,80,0,195
417,9420,134,89777,1005,62,207,312,566,19,195,275,119,224,155,451,606,103,81,42,50,35,19,58,586,165,0,221
418,9423,41,24499,97,11,38,27,52,0,10,15,86,40,23,46,69,15,17,10,6,2,2,14,30,6,0,83
419,9426,93,61806,405,57,181,88,199,0,58,79,136,91,90,203,293,60,91,24,21,9,18,25,92,61,0,195
420,9430,128,79498,597,38,148,210,505,3,63,127,125,143,86,236,322,84,74,66,17,35,34,45,316,103,0,169
421,9431,126,68648,595,17,62,216,426,30,112,166,141,178,153,305,458,113,59,24,46,32,26,42,384,102,0,220
422,9432,152,84471,628,7,41,240,477,66,127,221,117,220,124,343,467,96,30,23,126,21,12,24,390,104,0,208
423,9451,38,27354,141,2,5,57,103,1,21,48,30,36,44,93,137,37,37,15,6,13,2,14,114,34,0,67
424,9452,140,86767,709,7,23,282,578,24,124,179,153,160,158,424,582,132,47,26,51,37,38,48,446,155,0,207
425,9454,86,44013,224,9,18,83,191,0,31,43,63,35,37,54,91,33,23,13,2,10,24,14,90,30,0,119
426,9455,14,8376,84,6,26,29,56,7,8,16,15,23,12,24,36,8,1,3,2,5,8,4,50,18,0,28
427,9456,107,72107,390,0,2,164,338,2,62,112,142,103,164,357,521,107,118,55,40,24,6,26,292,98,0,213
428,9457,7,8033,28,3,6,8,28,0,3,6,17,8,3,11,14,15,8,5,0,6,4,4,16,2,0,37
429,9459,6,5338,11,2,14,0,5,0,5,6,8,7,3,8,11,8,6,5,0,1,0,0,0,0,0,24
430,9460,120,72062,519,0,2,219,359,72,81,125,146,104,177,312,489,62,65,20,91,7,8,26,410,180,0,205
431,9461,14,10131,78,4,33,27,57,8,12,22,31,16,18,35,53,11,9,12,7,3,4,13,54,10,0,32
432,9462,27,12973,83,0,0,35,66,0,13,29,34,26,26,54,80,14,2,6,8,9,2,4,60,16,0,52
433,9463,34,28012,24,0,1,7,11,0,10,15,83,40,14,52,66,8,43,10,4,1,0,2,6,2,0,83
434,9464,3,1877,6,2,6,0,5,0,0,0,2,2,0,2,2,4,0,0,0,2,0,0,0,0,0,18
435,9487,96,63182,485,25,125,168,340,27,74,117,125,102,52,211,263,99,100,53,80,12,62,76,306,45,0,161
436,9488,91,56760,485,16,63,168,324,15,101,131,109,120,93,176,269,70,54,39,17,25,40,55,266,72,0,152
437,9489,117,69453,457,26,97,161,398,0,57,81,65,100,30,132,162,105,198,48,4,15,34,50,170,25,0,184
438,9490,86,51488,686,45,117,190,350,12,171,202,89,165,61,193,254,85,68,37,16,20,36,59,296,67,0,157
439,9492,24,6460,20,0,9,8,32,1,4,7,20,9,5,12,17,7,6,6,1,3,0,0,12,4,0,29
440,9494,78,59183,657,52,165,208,436,10,85,115,97,103,87,229,316,83,62,29,14,29,30,52,304,75,0,143
441,9495,110,63451,770,30,89,266,486,22,148,213,82,183,86,304,390,92,72,23,49,40,52,62,480,104,0,162
442,9498,79,50882,435,0,2,180,300,41,75,214,100,163,133,222,355,47,31,34,55,16,24,44,354,118,0,187
443,10255,114,66583,735,66,202,189,384,6,159,210,95,179,71,314,385,60,36,31,25,47,55,65,278,67,0,151
444,10256,93,51410,555,75,211,109,256,0,112,149,84,170,49,151,200,69,134,71,15,28,63,78,194,55,0,99
445,10257,0,160,0,0,0,0,2,0,0,0,0,0,0,0,0,0,0,0,0,0,0,0,0,0,0,1
446,10258,12,7237,29,0,0,13,27,0,3,7,15,5,9,10,19,2,4,2,3,0,4,4,20,8,0,40
447,10262,0,472,5,0,0,2,7,0,1,4,1,2,1,1,2,1,0,0,0,0,0,0,4,0,0,6
448,10263,1,624,0,0,1,0,1,0,0,0,0,0,0,0,0,1,0,0,0,1,0,0,0,0,0,6
449,10264,2,4539,39,0,1,16,27,1,7,12,12,7,10,17,27,10,2,1,1,0,0,2,28,12,0,15
450,10265,83,44957,483,0,0,201,381,23,81,140,100,141,100,194,294,74,16,10,40,20,12,36,370,102,0,121
451,10266,0,45,0,0,1,0,0,0,0,0,0,0,0,0,0,0,0,0,0,0,0,0,0,0,0,2
452,10297,0,630,3,0,1,1,3,0,1,2,4,1,0,0,0,1,0,1,0,1,0,0,2,0,0,7
453,10299,15,17484,92,24,83,6,14,0,8,14,25,12,9,12,21,10,14,7,2,1,11,12,10,13,0,58
454,10810,15,7292,93,4,9,29,62,0,23,31,18,21,7,26,33,16,7,7,1,4,4,9,44,2,0,20
455,10815,25,15342,74,16,67,9,16,0,8,10,18,9,4,24,28,3,17,6,0,2,7,9,14,8,0,52
456,10817,94,52985,469,45,131,144,254,29,46,61,85,56,42,198,240,48,46,21,23,12,21,31,250,57,0,127
457,10818,1,1694,4,0,7,2,5,0,0,0,4,3,2,3,5,1,0,0,0,0,2,2,4,0,0,14
458,10819,103,61983,541,1,7,202,455,28,134,172,69,138,95,206,301,59,46,29,29,12,18,42,304,69,0,139
459,10820,1,1617,7,1,9,2,4,0,0,0,4,1,0,3,3,1,0,0,0,0,0,0,0,4,0,8
460,10821,0,466,3,1,1,0,1,0,0,0,3,0,0,0,0,0,0,0,0,0,0,0,0,0,0,2
461,10822,3,4793,35,6,10,6,19,0,5,5,5,5,2,7,9,5,2,0,1,1,0,3,4,0,0,21
462,10823,64,37474,297,9,44,106,230,9,58,75,108,76,53,127,180,65,54,13,7,10,20,26,180,48,0,110
463,10824,96,60442,246,29,90,64,145,0,31,41,48,59,24,65,89,53,91,16,3,12,8,20,94,23,0,122
464,10831,72,46502,570,45,109,146,279,0,143,175,78,153,24,145,169,76,87,38,10,20,30,49,220,28,0,119
465,10832,20,11968,71,9,29,15,35,0,14,16,13,17,2,10,12,18,22,8,1,3,0,7,22,3,0,51
466,10833,0,43,0,0,1,0,0,0,0,0,0,0,0,0,0,0,0,0,0,0,0,0,0,0,0,2
467,10834,82,53707,657,24,81,203,413,2,179,220,54,209,71,215,286,79,93,36,11,20,28,47,320,64,0,122
468,10835,78,38637,397,24,79,127,271,14,71,104,84,96,53,207,260,72,59,19,44,20,10,19,240,43,0,111
469,10836,4,6565,40,9,34,5,9,0,3,7,15,6,3,6,9,2,3,2,0,0,2,5,8,6,0,50
470,10838,69,43152,278,56,160,35,91,0,40,56,60,50,14,57,71,22,32,20,3,9,14,32,46,26,0,116
471,10839,61,39484,328,0,1,125,232,6,78,101,59,83,89,164,253,42,37,4,25,13,0,10,208,74,0,113
472,10842,46,28368,143,26,68,20,53,0,25,28,51,33,12,58,70,12,11,9,6,7,14,6,34,8,0,81
473,10843,60,30491,243,0,3,104,225,16,35,75,58,70,83,114,197,18,14,18,29,11,16,24,186,54,0,75
474,10844,5,5308,26,6,17,2,12,0,4,8,8,4,5,8,13,6,6,5,0,1,0,0,0,0,0,33
475,10845,44,30376,137,24,84,23,67,0,19,29,51,28,18,36,54,30,49,14,4,3,8,20,40,7,0,88
476,10848,28,25084,114,12,31,31,63,0,16,23,42,28,20,29,49,19,29,23,3,4,20,22,52,11,0,84
477,10850,10,7588,28,7,14,1,14,0,5,7,14,9,5,5,10,5,7,5,0,1,0,6,2,3,0,40
478,10851,3,3804,5,1,3,1,3,0,0,1,7,2,1,2,3,4,15,2,0,0,0,0,2,0,0,23
479,10852,18,11170,63,8,29,13,39,0,13,16,22,13,6,10,16,16,12,10,4,7,6,7,22,2,0,46
480,10872,16,10805,42,7,23,10,23,0,1,3,22,4,3,10,13,8,2,0,2,6,4,5,8,0,0,52
481,10873,58,30874,61,0,0,28,62,0,5,10,65,12,40,44,84,10,8,6,5,5,0,2,40,24,0,70
482,10874,0,202,0,0,1,0,0,0,0,0,0,0,0,0,0,1,0,0,0,0,0,0,0,0,0,3
483,10875,40,33083,267,11,57,98,225,13,38,59,50,53,80,148,228,22,17,8,17,17,6,20,162,71,0,93
484,10877,0,116,3,1,3,0,1,0,0,0,0,0,0,0,0,0,0,0,0,1,0,0,0,3,0,1
485,10878,1,270,0,0,1,0,1,0,0,0,1,0,0,0,0,0,0,0,0,0,0,0,0,0,0,3
486,10880,4,3317,9,1,5,2,5,0,2,2,5,4,3,5,8,3,2,3,0,1,0,0,2,0,0,13
487,10881,46,23639,78,2,12,30,85,0,12,19,46,18,25,48,73,14,14,10,8,7,8,4,32,6,0,77
488,10882,53,30275,264,32,126,65,128,5,38,49,42,46,31,116,147,44,26,28,20,9,37,27,112,20,0,87
489,10883,3,4665,32,1,6,13,25,0,3,4,4,6,0,9,9,2,4,7,1,0,12,11,16,0,0,14
490,10884,24,17821,66,2,14,29,63,0,2,8,43,11,17,29,46,17,9,4,2,4,8,4,52,6,0,59
491,10886,54,34808,337,17,42,104,175,20,78,88,62,69,44,152,196,24,24,9,16,3,8,21,156,44,0,110
492,10887,42,20718,101,0,0,44,90,8,13,17,52,33,38,65,103,20,20,13,10,9,4,8,86,20,0,79
493,10890,0,424,2,0,2,1,1,0,0,0,0,1,1,1,2,0,1,0,0,0,2,0,0,0,0,1
494,10891,2,2806,14,0,2,5,10,0,4,4,10,5,2,6,8,7,1,2,1,0,6,2,8,0,0,18
495,10892,31,16942,84,23,63,7,21,0,1,5,22,10,1,23,24,9,2,5,0,3,4,13,6,6,0,60
496,10893,0,53,0,0,0,0,0,0,0,0,0,0,0,0,0,0,0,0,0,0,0,0,0,0,0,2
497,10894,12,9437,41,11,25,3,4,0,2,4,13,4,5,9,14,5,12,3,1,0,5,5,4,3,0,27
498,10895,0,82,0,0,0,0,0,0,0,0,0,0,0,0,0,0,0,0,0,0,0,0,0,0,0,1
499,10896,0,99,1,0,1,0,0,0,1,2,0,1,0,0,0,0,0,0,0,0,0,0,0,0,0,1
500,10897,42,28012,312,25,47,86,154,7,65,82,48,75,45,109,154,40,43,11,4,6,8,16,122,39,0,79
501,10898,0,902,3,1,6,0,3,0,0,0,0,0,0,1,1,0,0,1,0,0,0,0,0,0,0,7
